l_dm,t_ms,v_m_s,p_MPa,pd_MPa,pt_MPa,psi,Z,label
0.0000,0.0000,0.00,30.00,30.00,30.00,0.021120,0.028066,起始点
0.0000,0.0173,0.55,40.77,80.58,0.95,0.023542,0.031272,
0.0002,0.0346,1.13,42.11,83.28,0.95,0.026105,0.034663,
0.0004,0.0519,1.73,42.89,84.84,0.94,0.028723,0.038123,
0.0008,0.0691,2.33,43.44,85.95,0.94,0.031376,0.041626,
0.0012,0.0864,2.95,43.87,86.80,0.94,0.034055,0.045162,
0.0018,0.1037,3.57,44.21,87.50,0.93,0.036757,0.048724,
0.0025,0.1210,4.19,44.50,88.08,0.93,0.039477,0.052307,
0.0033,0.1383,4.82,44.75,88.58,0.92,0.042213,0.055908,
0.0041,0.1556,5.45,44.97,89.02,0.92,0.044963,0.059525,
0.0051,0.1729,6.08,45.16,89.41,0.91,0.047725,0.063155,
0.0062,0.1902,6.72,45.33,89.76,0.91,0.050500,0.066798,
0.0075,0.2074,7.36,45.49,90.07,0.90,0.053285,0.070451,
0.0088,0.2247,8.00,45.63,90.36,0.89,0.056080,0.074114,
0.0102,0.2420,8.64,45.76,90.62,0.89,0.058884,0.077786,
0.0118,0.2593,9.29,45.87,90.86,0.88,0.061697,0.081466,
0.0134,0.2766,9.93,45.98,91.09,0.87,0.064518,0.085153,
0.0152,0.2939,10.58,46.08,91.29,0.86,0.067346,0.088848,
0.0171,0.3112,11.23,46.17,91.48,0.85,0.070182,0.092549,
0.0191,0.3285,11.88,46.25,91.66,0.84,0.073025,0.096255,
0.0212,0.3457,12.53,46.33,91.82,0.83,0.075874,0.099967,
0.0234,0.3630,13.18,46.40,91.98,0.82,0.078730,0.103683,
0.0258,0.3803,13.83,46.46,92.12,0.81,0.081592,0.107405,
0.0282,0.3976,14.49,46.52,92.25,0.79,0.084459,0.111130,
0.0308,0.4149,15.14,46.58,92.38,0.78,0.087332,0.114859,
0.0334,0.4322,15.80,46.63,92.49,0.77,0.090210,0.118592,
0.0362,0.4495,16.45,46.68,92.60,0.75,0.093093,0.122328,
0.0391,0.4668,17.11,46.72,92.70,0.74,0.095980,0.126067,
0.0421,0.4840,17.77,46.76,92.79,0.72,0.098873,0.129808,
0.0453,0.5013,18.42,46.79,92.88,0.71,0.101769,0.133552,
0.0485,0.5186,19.08,46.82,92.96,0.69,0.104670,0.137299,
0.0519,0.5359,19.74,46.85,93.03,0.67,0.107576,0.141047,
0.0553,0.5532,20.40,46.88,93.10,0.65,0.110485,0.144797,
0.0589,0.5705,21.06,46.90,93.16,0.64,0.113397,0.148548,
0.0626,0.5878,21.72,46.92,93.22,0.62,0.116314,0.152301,
0.0664,0.6051,22.38,46.93,93.27,0.60,0.119233,0.156055,
0.0704,0.6223,23.04,46.95,93.32,0.58,0.122156,0.159811,
0.0744,0.6396,23.70,46.96,93.36,0.56,0.125083,0.163567,
0.0786,0.6569,24.36,46.97,93.40,0.54,0.128012,0.167323,
0.0828,0.6742,25.02,46.97,93.43,0.51,0.130944,0.171080,
0.0872,0.6915,25.68,46.98,93.46,0.49,0.133879,0.174837,
0.0917,0.7088,26.34,46.98,93.49,0.47,0.136817,0.178595,
0.0917,0.7088,26.34,46.98,93.49,0.47,0.136817,0.178595,最大压力点
0.0963,0.7261,27.00,46.98,93.51,0.44,0.139757,0.182353,
0.1010,0.7434,27.66,46.97,93.53,0.42,0.142700,0.186110,
0.1059,0.7606,28.32,46.97,93.54,0.40,0.145645,0.189867,
0.1108,0.7779,28.98,46.96,93.55,0.37,0.148592,0.193624,
0.1159,0.7952,29.64,46.95,93.56,0.35,0.151541,0.197380,
0.1211,0.8125,30.30,46.94,93.56,0.32,0.154492,0.201135,
0.1264,0.8298,30.96,46.93,93.56,0.29,0.157445,0.204889,
0.1318,0.8471,31.62,46.91,93.55,0.26,0.160400,0.208643,
0.1373,0.8644,32.28,46.89,93.55,0.24,0.163357,0.212395,
0.1429,0.8817,32.94,46.87,93.54,0.21,0.166315,0.216147,
0.1487,0.8989,33.60,46.85,93.52,0.18,0.169274,0.219896,
0.1546,0.9162,34.26,46.83,93.51,0.15,0.172235,0.223645,
0.1605,0.9335,34.92,46.80,93.49,0.12,0.175197,0.227391,
0.1666,0.9508,35.57,46.78,93.46,0.09,0.178161,0.231137,
0.1728,0.9681,36.23,46.75,93.44,0.06,0.181125,0.234880,
0.1792,0.9854,36.89,46.72,93.41,0.03,0.184090,0.238621,
0.1856,1.0027,37.55,46.69,93.38,-0.00,0.187057,0.242360,
0.1921,1.0200,38.20,46.65,93.34,-0.04,0.190024,0.246097,
0.1988,1.0372,38.86,46.62,93.31,-0.07,0.192992,0.249832,
0.2056,1.0545,39.51,46.58,93.27,-0.10,0.195960,0.253565,
0.2125,1.0718,40.17,46.55,93.23,-0.14,0.198929,0.257295,
0.2195,1.0891,40.82,46.51,93.18,-0.17,0.201899,0.261022,
0.2266,1.1064,41.48,46.47,93.14,-0.21,0.204869,0.264747,
0.2338,1.1237,42.13,46.42,93.09,-0.24,0.207839,0.268469,
0.2411,1.1410,42.78,46.38,93.04,-0.28,0.210809,0.272188,
0.2486,1.1583,43.43,46.33,92.98,-0.31,0.213780,0.275905,
0.2562,1.1755,44.08,46.29,92.93,-0.35,0.216750,0.279618,
0.2638,1.1928,44.73,46.24,92.87,-0.39,0.219721,0.283328,
0.2716,1.2101,45.38,46.19,92.81,-0.42,0.222691,0.287035,
0.2795,1.2274,46.03,46.14,92.74,-0.46,0.225661,0.290738,
0.2875,1.2447,46.68,46.09,92.68,-0.50,0.228631,0.294438,
0.2957,1.2620,47.33,46.04,92.61,-0.54,0.231601,0.298135,
0.3039,1.2793,47.98,45.98,92.54,-0.58,0.234570,0.301828,
0.3123,1.2966,48.62,45.93,92.47,-0.62,0.237539,0.305517,
0.3207,1.3138,49.27,45.87,92.39,-0.66,0.240507,0.309203,
0.3293,1.3311,49.91,45.81,92.32,-0.70,0.243474,0.312885,
0.3380,1.3484,50.56,45.75,92.24,-0.74,0.246441,0.316563,
0.3468,1.3657,51.20,45.69,92.16,-0.78,0.249407,0.320237,
0.3557,1.3830,51.84,45.63,92.08,-0.82,0.252372,0.323907,
0.3647,1.4003,52.48,45.57,92.00,-0.86,0.255337,0.327572,
0.3738,1.4176,53.12,45.50,91.91,-0.90,0.258300,0.331234,
0.3831,1.4349,53.76,45.44,91.82,-0.95,0.261262,0.334891,
0.3924,1.4521,54.40,45.37,91.73,-0.99,0.264223,0.338544,
0.4019,1.4694,55.04,45.31,91.64,-1.03,0.267183,0.342192,
0.4114,1.4867,55.67,45.24,91.55,-1.07,0.270141,0.345836,
0.4211,1.5040,56.31,45.17,91.46,-1.12,0.273099,0.349476,
0.4309,1.5213,56.94,45.10,91.36,-1.16,0.276055,0.353110,
0.4408,1.5386,57.58,45.03,91.26,-1.21,0.279009,0.356740,
0.4508,1.5559,58.21,44.96,91.16,-1.25,0.281962,0.360366,
0.4609,1.5732,58.84,44.88,91.06,-1.29,0.284913,0.363986,
0.4712,1.5904,59.47,44.81,90.96,-1.34,0.287863,0.367601,
0.4815,1.6077,60.10,44.73,90.85,-1.38,0.290811,0.371212,
0.4919,1.6250,60.73,44.66,90.75,-1.43,0.293757,0.374817,
0.5025,1.6423,61.36,44.58,90.64,-1.48,0.296701,0.378418,
0.5132,1.6596,61.98,44.50,90.53,-1.52,0.299644,0.382013,
0.5239,1.6769,62.61,44.43,90.42,-1.57,0.302584,0.385603,
0.5348,1.6942,63.23,44.35,90.31,-1.62,0.305522,0.389187,
0.5458,1.7115,63.86,44.27,90.19,-1.66,0.308459,0.392767,
0.5569,1.7287,64.48,44.19,90.08,-1.71,0.311393,0.396340,
0.5681,1.7460,65.10,44.10,89.96,-1.76,0.314325,0.399909,
0.5794,1.7633,65.72,44.02,89.85,-1.80,0.317255,0.403472,
0.5908,1.7806,66.34,43.94,89.73,-1.85,0.320182,0.407029,
0.6023,1.7979,66.95,43.85,89.61,-1.90,0.323108,0.410581,
0.6140,1.8152,67.57,43.77,89.49,-1.95,0.326030,0.414127,
0.6257,1.8325,68.19,43.68,89.36,-2.00,0.328951,0.417667,
0.6375,1.8498,68.80,43.60,89.24,-2.04,0.331869,0.421202,
0.6495,1.8670,69.41,43.51,89.11,-2.09,0.334784,0.424731,
0.6615,1.8843,70.02,43.42,88.99,-2.14,0.337696,0.428254,
0.6737,1.9016,70.63,43.33,88.86,-2.19,0.340606,0.431771,
0.6859,1.9189,71.24,43.25,88.73,-2.24,0.343514,0.435282,
0.6983,1.9362,71.85,43.16,88.60,-2.29,0.346418,0.438787,
0.7108,1.9535,72.45,43.07,88.47,-2.34,0.349320,0.442286,
0.7234,1.9708,73.06,42.97,88.34,-2.39,0.352219,0.445779,
0.7360,1.9881,73.66,42.88,88.20,-2.44,0.355114,0.449265,
0.7488,2.0053,74.27,42.79,88.07,-2.49,0.358007,0.452746,
0.7617,2.0226,74.87,42.70,87.93,-2.54,0.360897,0.456220,
0.7747,2.0399,75.47,42.61,87.80,-2.59,0.363784,0.459688,
0.7878,2.0572,76.06,42.51,87.66,-2.64,0.366668,0.463150,
0.8010,2.0745,76.66,42.42,87.52,-2.69,0.369549,0.466605,
0.8143,2.0918,77.26,42.32,87.38,-2.74,0.372426,0.470054,
0.8277,2.1091,77.85,42.23,87.24,-2.79,0.375300,0.473496,
0.8412,2.1264,78.45,42.13,87.10,-2.84,0.378171,0.476933,
0.8549,2.1436,79.04,42.03,86.96,-2.89,0.381039,0.480362,
0.8686,2.1609,79.63,41.94,86.81,-2.94,0.383903,0.483785,
0.8824,2.1782,80.22,41.84,86.67,-2.99,0.386764,0.487202,
0.8963,2.1955,80.80,41.74,86.52,-3.04,0.389621,0.490611,
0.9103,2.2128,81.39,41.64,86.38,-3.09,0.392475,0.494015,
0.9244,2.2301,81.97,41.55,86.23,-3.14,0.395326,0.497411,
0.9387,2.2474,82.56,41.45,86.08,-3.19,0.398173,0.500801,
0.9530,2.2647,83.14,41.35,85.94,-3.24,0.401016,0.504184,
0.9674,2.2819,83.72,41.25,85.79,-3.29,0.403856,0.507560,
0.9819,2.2992,84.30,41.15,85.64,-3.34,0.406692,0.510930,
0.9966,2.3165,84.88,41.05,85.49,-3.39,0.409524,0.514292,
1.0113,2.3338,85.45,40.94,85.34,-3.45,0.412352,0.517648,
1.0261,2.3511,86.03,40.84,85.18,-3.50,0.415177,0.520997,
1.0410,2.3684,86.60,40.74,85.03,-3.55,0.417998,0.524339,
1.0560,2.3857,87.18,40.64,84.88,-3.60,0.420815,0.527674,
1.0712,2.4030,87.75,40.54,84.72,-3.65,0.423629,0.531002,
1.0864,2.4202,88.32,40.43,84.57,-3.70,0.426438,0.534324,
1.1017,2.4375,88.88,40.33,84.41,-3.75,0.429243,0.537638,
1.1171,2.4548,89.45,40.23,84.26,-3.80,0.432045,0.540945,
1.1326,2.4721,90.01,40.12,84.10,-3.85,0.434842,0.544245,
1.1482,2.4894,90.58,40.02,83.94,-3.90,0.437635,0.547538,
1.1639,2.5067,91.14,39.92,83.79,-3.95,0.440424,0.550824,
1.1797,2.5240,91.70,39.81,83.63,-4.01,0.443210,0.554103,
1.1956,2.5412,92.26,39.71,83.47,-4.06,0.445991,0.557374,
1.2116,2.5585,92.82,39.60,83.31,-4.11,0.448767,0.560639,
1.2277,2.5758,93.37,39.50,83.15,-4.16,0.451540,0.563896,
1.2439,2.5931,93.93,39.39,82.99,-4.21,0.454309,0.567146,
1.2602,2.6104,94.48,39.29,82.83,-4.26,0.457073,0.570389,
1.2766,2.6277,95.03,39.18,82.67,-4.31,0.459833,0.573625,
1.2931,2.6450,95.58,39.08,82.51,-4.36,0.462588,0.576853,
1.3096,2.6623,96.13,38.97,82.35,-4.41,0.465340,0.580075,
1.3263,2.6795,96.68,38.86,82.18,-4.46,0.468087,0.583288,
1.3431,2.6968,97.22,38.76,82.02,-4.51,0.470829,0.586495,
1.3599,2.7141,97.77,38.65,81.86,-4.56,0.473567,0.589694,
1.3769,2.7314,98.31,38.54,81.70,-4.61,0.476301,0.592886,
1.3939,2.7487,98.85,38.44,81.53,-4.66,0.479030,0.596071,
1.4111,2.7660,99.39,38.33,81.37,-4.71,0.481755,0.599249,
1.4283,2.7833,99.93,38.22,81.20,-4.76,0.484476,0.602419,
1.4456,2.8006,100.47,38.12,81.04,-4.81,0.487191,0.605581,
1.4630,2.8178,101.00,38.01,80.87,-4.86,0.489903,0.608737,
1.4805,2.8351,101.54,37.90,80.71,-4.91,0.492610,0.611884,
1.4981,2.8524,102.07,37.79,80.54,-4.95,0.495312,0.615025,
1.5158,2.8697,102.60,37.69,80.38,-5.00,0.498009,0.618158,
1.5336,2.8870,103.13,37.58,80.21,-5.05,0.500702,0.621284,
1.5515,2.9043,103.66,37.47,80.04,-5.10,0.503391,0.624402,
1.5694,2.9216,104.18,37.36,79.88,-5.15,0.506074,0.627513,
1.5875,2.9389,104.71,37.26,79.71,-5.20,0.508753,0.630616,
1.6056,2.9561,105.23,37.15,79.54,-5.25,0.511428,0.633712,
1.6239,2.9734,105.75,37.04,79.38,-5.29,0.514097,0.636801,
1.6422,2.9907,106.27,36.93,79.21,-5.34,0.516762,0.639882,
1.6606,3.0080,106.79,36.83,79.04,-5.39,0.519422,0.642956,
1.6791,3.0253,107.31,36.72,78.87,-5.44,0.522077,0.646022,
1.6977,3.0426,107.82,36.61,78.71,-5.49,0.524728,0.649081,
1.7164,3.0599,108.34,36.50,78.54,-5.53,0.527374,0.652132,
1.7352,3.0772,108.85,36.39,78.37,-5.58,0.530015,0.655176,
1.7540,3.0944,109.36,36.29,78.20,-5.63,0.532651,0.658212,
1.7730,3.1117,109.87,36.18,78.03,-5.67,0.535282,0.661241,
1.7920,3.1290,110.38,36.07,77.86,-5.72,0.537909,0.664263,
1.8111,3.1463,110.88,35.96,77.70,-5.77,0.540531,0.667277,
1.8304,3.1636,111.39,35.86,77.53,-5.81,0.543147,0.670283,
1.8497,3.1809,111.89,35.75,77.36,-5.86,0.545759,0.673282,
1.8690,3.1982,112.39,35.64,77.19,-5.91,0.548366,0.676274,
1.8885,3.2155,112.89,35.53,77.02,-5.95,0.550968,0.679258,
1.9081,3.2327,113.39,35.43,76.85,-6.00,0.553566,0.682234,
1.9277,3.2500,113.89,35.32,76.68,-6.04,0.556158,0.685203,
1.9475,3.2673,114.39,35.21,76.51,-6.09,0.558745,0.688165,
1.9673,3.2846,114.88,35.11,76.34,-6.13,0.561327,0.691119,
1.9872,3.3019,115.37,35.00,76.18,-6.18,0.563905,0.694066,
2.0072,3.3192,115.86,34.89,76.01,-6.22,0.566477,0.697005,
2.0272,3.3365,116.35,34.78,75.84,-6.27,0.569045,0.699937,
2.0474,3.3538,116.84,34.68,75.67,-6.31,0.571607,0.702861,
2.0676,3.3710,117.33,34.57,75.50,-6.36,0.574165,0.705778,
2.0880,3.3883,117.82,34.46,75.33,-6.40,0.576717,0.708688,
2.1084,3.4056,118.30,34.36,75.16,-6.45,0.579264,0.711590,
2.1289,3.4229,118.78,34.25,74.99,-6.49,0.581807,0.714484,
2.1494,3.4402,119.26,34.15,74.83,-6.53,0.584344,0.717371,
2.1701,3.4575,119.74,34.04,74.66,-6.58,0.586877,0.720251,
2.1908,3.4748,120.22,33.93,74.49,-6.62,0.589404,0.723123,
2.2117,3.4921,120.70,33.83,74.32,-6.66,0.591926,0.725988,
2.2326,3.5093,121.17,33.72,74.15,-6.70,0.594443,0.728845,
2.2536,3.5266,121.64,33.62,73.98,-6.75,0.596956,0.731695,
2.2746,3.5439,122.12,33.51,73.81,-6.79,0.599463,0.734538,
2.2958,3.5612,122.59,33.41,73.65,-6.83,0.601965,0.737373,
2.3170,3.5785,123.06,33.30,73.48,-6.87,0.604462,0.740201,
2.3383,3.5958,123.52,33.20,73.31,-6.91,0.606954,0.743022,
2.3597,3.6131,123.99,33.09,73.14,-6.96,0.609440,0.745835,
2.3812,3.6304,124.45,32.99,72.98,-7.00,0.611922,0.748641,
2.4027,3.6476,124.92,32.89,72.81,-7.04,0.614399,0.751439,
2.4244,3.6649,125.38,32.78,72.64,-7.08,0.616870,0.754230,
2.4461,3.6822,125.84,32.68,72.47,-7.12,0.619337,0.757014,
2.4679,3.6995,126.30,32.57,72.31,-7.16,0.621798,0.759790,
2.4898,3.7168,126.75,32.47,72.14,-7.20,0.624254,0.762559,
2.5117,3.7341,127.21,32.37,71.97,-7.24,0.626705,0.765321,
2.5337,3.7514,127.67,32.26,71.81,-7.28,0.629151,0.768076,
2.5559,3.7687,128.12,32.16,71.64,-7.32,0.631592,0.770823,
2.5780,3.7859,128.57,32.06,71.48,-7.36,0.634028,0.773563,
2.6003,3.8032,129.02,31.96,71.31,-7.40,0.636459,0.776296,
2.6227,3.8205,129.47,31.85,71.14,-7.43,0.638885,0.779021,
2.6451,3.8378,129.92,31.75,70.98,-7.47,0.641305,0.781739,
2.6676,3.8551,130.36,31.65,70.81,-7.51,0.643720,0.784450,
2.6901,3.8724,130.81,31.55,70.65,-7.55,0.646131,0.787154,
2.7128,3.8897,131.25,31.45,70.48,-7.59,0.648536,0.789851,
2.7355,3.9070,131.69,31.35,70.32,-7.62,0.650936,0.792540,
2.7583,3.9242,132.13,31.25,70.16,-7.66,0.653331,0.795222,
2.7812,3.9415,132.57,31.15,69.99,-7.70,0.655721,0.797898,
2.8042,3.9588,133.01,31.05,69.83,-7.74,0.658106,0.800565,
2.8272,3.9761,133.44,30.95,69.66,-7.77,0.660485,0.803226,
2.8503,3.9934,133.88,30.85,69.50,-7.81,0.662860,0.805880,
2.8735,4.0107,134.31,30.75,69.34,-7.85,0.665229,0.808526,
2.8967,4.0280,134.74,30.65,69.17,-7.88,0.667594,0.811166,
2.9201,4.0453,135.17,30.55,69.01,-7.92,0.669953,0.813798,
2.9435,4.0625,135.60,30.45,68.85,-7.95,0.672307,0.816424,
2.9669,4.0798,136.03,30.35,68.69,-7.99,0.674656,0.819042,
2.9905,4.0971,136.45,30.25,68.53,-8.02,0.677000,0.821653,
3.0141,4.1144,136.88,30.15,68.37,-8.06,0.679339,0.824257,
3.0378,4.1317,137.30,30.06,68.20,-8.09,0.681673,0.826854,
3.0616,4.1490,137.72,29.96,68.04,-8.13,0.684001,0.829445,
3.0854,4.1663,138.14,29.86,67.88,-8.16,0.686325,0.832028,
3.1094,4.1836,138.56,29.76,67.72,-8.19,0.688644,0.834604,
3.1334,4.2008,138.98,29.67,67.56,-8.23,0.690957,0.837173,
3.1574,4.2181,139.40,29.57,67.40,-8.26,0.693266,0.839736,
3.1815,4.2354,139.81,29.47,67.24,-8.30,0.695569,0.842291,
3.2058,4.2527,140.23,29.38,67.08,-8.33,0.697867,0.844839,
3.2300,4.2700,140.64,29.28,66.93,-8.36,0.700161,0.847381,
3.2544,4.2873,141.05,29.19,66.77,-8.39,0.702449,0.849916,
3.2788,4.3046,141.46,29.09,66.61,-8.43,0.704732,0.852444,
3.3033,4.3219,141.87,29.00,66.45,-8.46,0.707010,0.854965,
3.3278,4.3391,142.27,28.90,66.29,-8.49,0.709283,0.857479,
3.3525,4.3564,142.68,28.81,66.14,-8.52,0.711551,0.859986,
3.3772,4.3737,143.08,28.71,65.98,-8.55,0.713815,0.862487,
3.4020,4.3910,143.49,28.62,65.82,-8.58,0.716073,0.864981,
3.4268,4.4083,143.89,28.53,65.67,-8.61,0.718326,0.867468,
3.4517,4.4256,144.29,28.43,65.51,-8.65,0.720574,0.869948,
3.4767,4.4429,144.69,28.34,65.36,-8.68,0.722817,0.872421,
3.5017,4.4602,145.09,28.25,65.20,-8.71,0.725055,0.874888,
3.5268,4.4774,145.48,28.16,65.05,-8.74,0.727288,0.877348,
3.5520,4.4947,145.88,28.06,64.89,-8.77,0.729516,0.879802,
3.5773,4.5120,146.27,27.97,64.74,-8.80,0.731739,0.882249,
3.6026,4.5293,146.67,27.88,64.59,-8.83,0.733957,0.884689,
3.6280,4.5466,147.06,27.79,64.43,-8.85,0.736171,0.887122,
3.6534,4.5639,147.45,27.70,64.28,-8.88,0.738379,0.889549,
3.6790,4.5812,147.84,27.61,64.13,-8.91,0.740582,0.891970,
3.7046,4.5985,148.22,27.52,63.97,-8.94,0.742780,0.894383,
3.7302,4.6157,148.61,27.43,63.82,-8.97,0.744974,0.896791,
3.7559,4.6330,148.99,27.34,63.67,-9.00,0.747162,0.899191,
3.7817,4.6503,149.38,27.25,63.52,-9.02,0.749346,0.901585,
3.8076,4.6676,149.76,27.16,63.37,-9.05,0.751525,0.903973,
3.8335,4.6849,150.14,27.07,63.22,-9.08,0.753699,0.906354,
3.8595,4.7022,150.52,26.98,63.07,-9.11,0.755867,0.908729,
3.8856,4.7195,150.90,26.89,62.92,-9.13,0.758031,0.911097,
3.9117,4.7368,151.28,26.80,62.77,-9.16,0.760191,0.913459,
3.9379,4.7540,151.65,26.72,62.62,-9.19,0.762345,0.915814,
3.9641,4.7713,152.03,26.63,62.47,-9.21,0.764494,0.918163,
3.9904,4.7886,152.40,26.54,62.32,-9.24,0.766639,0.920506,
4.0168,4.8059,152.78,26.46,62.18,-9.27,0.768779,0.922842,
4.0432,4.8232,153.15,26.37,62.03,-9.29,0.770914,0.925172,
4.0698,4.8405,153.52,26.28,61.88,-9.32,0.773044,0.927495,
4.0963,4.8578,153.89,26.20,61.74,-9.34,0.775169,0.929812,
4.1230,4.8750,154.25,26.11,61.59,-9.37,0.777289,0.932123,
4.1497,4.8923,154.62,26.03,61.44,-9.39,0.779405,0.934428,
4.1764,4.9096,154.99,25.94,61.30,-9.42,0.781516,0.936726,
4.2032,4.9269,155.35,25.86,61.15,-9.44,0.783622,0.939019,
4.2301,4.9442,155.71,25.77,61.01,-9.46,0.785723,0.941305,
4.2571,4.9615,156.08,25.69,60.86,-9.49,0.787820,0.943584,
4.2841,4.9788,156.44,25.60,60.72,-9.51,0.789912,0.945858,
4.3112,4.9961,156.80,25.52,60.58,-9.54,0.791999,0.948125,
4.3383,5.0133,157.15,25.44,60.43,-9.56,0.794081,0.950387,
4.3655,5.0306,157.51,25.35,60.29,-9.58,0.796159,0.952642,
4.3928,5.0479,157.87,25.27,60.15,-9.61,0.798232,0.954891,
4.4201,5.0652,158.22,25.19,60.01,-9.63,0.800300,0.957134,
4.4475,5.0825,158.57,25.11,59.86,-9.65,0.802363,0.959371,
4.4749,5.0998,158.93,25.02,59.72,-9.67,0.804422,0.961602,
4.5024,5.1171,159.28,24.94,59.58,-9.70,0.806476,0.963826,
4.5300,5.1344,159.63,24.86,59.44,-9.72,0.808526,0.966045,
4.5576,5.1516,159.98,24.78,59.30,-9.74,0.810571,0.968258,
4.5853,5.1689,160.33,24.70,59.16,-9.76,0.812611,0.970465,
4.6130,5.1862,160.67,24.62,59.02,-9.78,0.814646,0.972666,
4.6408,5.2035,161.02,24.54,58.88,-9.80,0.816677,0.974860,
4.6687,5.2208,161.36,24.46,58.75,-9.82,0.818703,0.977049,
4.6966,5.2381,161.71,24.38,58.61,-9.84,0.820725,0.979233,
4.7246,5.2554,162.05,24.30,58.47,-9.87,0.822742,0.981410,
4.7527,5.2727,162.39,24.22,58.33,-9.89,0.824755,0.983581,
4.7808,5.2899,162.73,24.14,58.20,-9.91,0.826763,0.985747,
4.8089,5.3072,163.07,24.07,58.06,-9.93,0.828766,0.987906,
4.8371,5.3245,163.41,23.99,57.92,-9.95,0.830765,0.990060,
4.8654,5.3418,163.74,23.91,57.79,-9.97,0.832759,0.992208,
4.8938,5.3591,164.08,23.83,57.65,-9.98,0.834749,0.994350,
4.9222,5.3764,164.41,23.76,57.52,-10.00,0.836734,0.996487,
4.9506,5.3937,164.75,23.68,57.38,-10.02,0.838715,0.998618,
4.9691,5.4049,164.96,23.63,57.29,-10.04,0.830538,1.000000,燃烧分裂点
4.9791,5.4110,165.08,23.60,57.25,-10.04,0.821696,1.000743,
5.0077,5.4282,165.41,23.53,57.11,-10.06,0.822779,1.002862,
5.0363,5.4455,165.74,23.45,56.98,-10.08,0.823856,1.004976,
5.0650,5.4628,166.07,23.37,56.84,-10.10,0.824927,1.007083,
5.0937,5.4801,166.40,23.29,56.71,-10.12,0.825993,1.009186,
5.1225,5.4974,166.72,23.22,56.58,-10.14,0.827053,1.011282,
5.1514,5.5147,167.05,23.14,56.44,-10.16,0.828107,1.013373,
5.1803,5.5320,167.38,23.07,56.31,-10.18,0.829156,1.015458,
5.2092,5.5493,167.70,22.99,56.18,-10.20,0.830199,1.017537,
5.2383,5.5665,168.02,22.92,56.05,-10.21,0.831237,1.019611,
5.2673,5.5838,168.34,22.84,55.92,-10.23,0.832270,1.021679,
5.2965,5.6011,168.66,22.77,55.79,-10.25,0.833297,1.023741,
5.3256,5.6184,168.98,22.69,55.65,-10.27,0.834318,1.025798,
5.3549,5.6357,169.30,22.62,55.52,-10.29,0.835334,1.027849,
5.3842,5.6530,169.62,22.55,55.39,-10.30,0.836345,1.029895,
5.4135,5.6703,169.94,22.47,55.27,-10.32,0.837351,1.031935,
5.4429,5.6876,170.25,22.40,55.14,-10.34,0.838351,1.033970,
5.4724,5.7048,170.57,22.33,55.01,-10.35,0.839346,1.035999,
5.5019,5.7221,170.88,22.25,54.88,-10.37,0.840336,1.038023,
5.5315,5.7394,171.19,22.18,54.75,-10.39,0.841320,1.040041,
5.5611,5.7567,171.50,22.11,54.62,-10.40,0.842300,1.042054,
5.5908,5.7740,171.81,22.04,54.50,-10.42,0.843274,1.044062,
5.6205,5.7913,172.12,21.97,54.37,-10.44,0.844243,1.046064,
5.6503,5.8086,172.43,21.90,54.24,-10.45,0.845207,1.048061,
5.6801,5.8259,172.74,21.83,54.12,-10.47,0.846166,1.050052,
5.7100,5.8431,173.05,21.75,53.99,-10.48,0.847120,1.052038,
5.7400,5.8604,173.35,21.68,53.87,-10.50,0.848069,1.054019,
5.7699,5.8777,173.66,21.61,53.74,-10.51,0.849013,1.055994,
5.8000,5.8950,173.96,21.55,53.62,-10.53,0.849953,1.057964,
5.8301,5.9123,174.26,21.48,53.50,-10.54,0.850887,1.059929,
5.8602,5.9296,174.56,21.41,53.37,-10.56,0.851816,1.061889,
5.8904,5.9469,174.86,21.34,53.25,-10.57,0.852741,1.063843,
5.9207,5.9642,175.16,21.27,53.13,-10.59,0.853661,1.065792,
5.9510,5.9814,175.46,21.20,53.00,-10.60,0.854576,1.067736,
5.9814,5.9987,175.76,21.13,52.88,-10.62,0.855486,1.069675,
6.0118,6.0160,176.06,21.07,52.76,-10.63,0.856391,1.071609,
6.0422,6.0333,176.35,21.00,52.64,-10.64,0.857292,1.073537,
6.0728,6.0506,176.65,20.93,52.52,-10.66,0.858188,1.075461,
6.1033,6.0679,176.94,20.86,52.40,-10.67,0.859079,1.077379,
6.1339,6.0852,177.23,20.80,52.28,-10.68,0.859966,1.079292,
6.1646,6.1025,177.53,20.73,52.16,-10.70,0.860848,1.081200,
6.1953,6.1197,177.82,20.67,52.04,-10.71,0.861726,1.083104,
6.2261,6.1370,178.11,20.60,51.92,-10.72,0.862599,1.085002,
6.2569,6.1543,178.40,20.53,51.80,-10.73,0.863468,1.086895,
6.2878,6.1716,178.68,20.47,51.68,-10.75,0.864332,1.088783,
6.3187,6.1889,178.97,20.40,51.57,-10.76,0.865191,1.090666,
6.3496,6.2062,179.26,20.34,51.45,-10.77,0.866046,1.092544,
6.3806,6.2235,179.54,20.27,51.33,-10.78,0.866897,1.094417,
6.4117,6.2408,179.83,20.21,51.22,-10.79,0.867743,1.096285,
6.4428,6.2580,180.11,20.15,51.10,-10.81,0.868585,1.098149,
6.4740,6.2753,180.39,20.08,50.98,-10.82,0.869423,1.100007,
6.5052,6.2926,180.68,20.02,50.87,-10.83,0.870256,1.101861,
6.5364,6.3099,180.96,19.96,50.75,-10.84,0.871085,1.103709,
6.5678,6.3272,181.24,19.89,50.64,-10.85,0.871909,1.105553,
6.5991,6.3445,181.52,19.83,50.52,-10.86,0.872730,1.107392,
6.6305,6.3618,181.80,19.77,50.41,-10.87,0.873546,1.109227,
6.6620,6.3791,182.07,19.71,50.30,-10.88,0.874358,1.111056,
6.6935,6.3963,182.35,19.64,50.18,-10.89,0.875166,1.112881,
6.7250,6.4136,182.63,19.58,50.07,-10.90,0.875969,1.114701,
6.7566,6.4309,182.90,19.52,49.96,-10.91,0.876769,1.116516,
6.7883,6.4482,183.17,19.46,49.85,-10.92,0.877564,1.118326,
6.8199,6.4655,183.45,19.40,49.73,-10.93,0.878355,1.120132,
6.8517,6.4828,183.72,19.34,49.62,-10.94,0.879143,1.121933,
6.8835,6.5001,183.99,19.28,49.51,-10.95,0.879926,1.123730,
6.9153,6.5174,184.26,19.22,49.40,-10.96,0.880705,1.125521,
6.9472,6.5346,184.53,19.16,49.29,-10.97,0.881480,1.127308,
6.9791,6.5519,184.80,19.10,49.18,-10.98,0.882251,1.129091,
7.0111,6.5692,185.07,19.04,49.07,-10.99,0.883019,1.130869,
7.0431,6.5865,185.34,18.98,48.96,-11.00,0.883782,1.132642,
7.0751,6.6038,185.60,18.92,48.85,-11.01,0.884541,1.134411,
7.1073,6.6211,185.87,18.86,48.74,-11.02,0.885297,1.136175,
7.1394,6.6384,186.13,18.80,48.64,-11.03,0.886048,1.137935,
7.1716,6.6557,186.40,18.75,48.53,-11.04,0.886796,1.139690,
7.2039,6.6729,186.66,18.69,48.42,-11.04,0.887540,1.141441,
7.2361,6.6902,186.92,18.63,48.31,-11.05,0.888281,1.143187,
7.2685,6.7075,187.18,18.57,48.21,-11.06,0.889017,1.144928,
7.3009,6.7248,187.44,18.52,48.10,-11.07,0.889750,1.146666,
7.3333,6.7421,187.70,18.46,47.99,-11.08,0.890479,1.148398,
7.3658,6.7594,187.96,18.40,47.89,-11.08,0.891204,1.150127,
7.3983,6.7767,188.22,18.35,47.78,-11.09,0.891925,1.151851,
7.4308,6.7940,188.48,18.29,47.68,-11.10,0.892643,1.153570,
7.4634,6.8112,188.74,18.23,47.57,-11.11,0.893358,1.155286,
7.4961,6.8285,188.99,18.18,47.47,-11.11,0.894068,1.156996,
7.5288,6.8458,189.25,18.12,47.37,-11.12,0.894775,1.158703,
7.5615,6.8631,189.50,18.07,47.26,-11.13,0.895479,1.160405,
7.5943,6.8804,189.76,18.01,47.16,-11.13,0.896178,1.162103,
7.6271,6.8977,190.01,17.96,47.06,-11.14,0.896875,1.163796,
7.6600,6.9150,190.26,17.90,46.95,-11.15,0.897568,1.165486,
7.6929,6.9323,190.51,17.85,46.85,-11.16,0.898257,1.167171,
7.7259,6.9495,190.76,17.79,46.75,-11.16,0.898943,1.168851,
7.7589,6.9668,191.01,17.74,46.65,-11.17,0.899625,1.170528,
7.7919,6.9841,191.26,17.69,46.55,-11.17,0.900304,1.172200,
7.8250,7.0014,191.51,17.63,46.45,-11.18,0.900979,1.173868,
7.8581,7.0187,191.76,17.58,46.34,-11.19,0.901651,1.175532,
7.8913,7.0360,192.00,17.53,46.24,-11.19,0.902320,1.177192,
7.9245,7.0533,192.25,17.47,46.14,-11.20,0.902985,1.178847,
7.9578,7.0706,192.50,17.42,46.04,-11.20,0.903647,1.180499,
7.9911,7.0878,192.74,17.37,45.95,-11.21,0.904305,1.182146,
8.0244,7.1051,192.98,17.32,45.85,-11.22,0.904961,1.183789,
8.0578,7.1224,193.23,17.26,45.75,-11.22,0.905613,1.185428,
8.0912,7.1397,193.47,17.21,45.65,-11.23,0.906261,1.187063,
8.1247,7.1570,193.71,17.16,45.55,-11.23,0.906907,1.188694,
8.1582,7.1743,193.95,17.11,45.45,-11.24,0.907549,1.190321,
8.1917,7.1916,194.19,17.06,45.36,-11.24,0.908188,1.191944,
8.2253,7.2089,194.43,17.01,45.26,-11.25,0.908823,1.193562,
8.2590,7.2261,194.67,16.96,45.16,-11.25,0.909456,1.195177,
8.2926,7.2434,194.91,16.91,45.07,-11.26,0.910085,1.196788,
8.3264,7.2607,195.15,16.86,44.97,-11.26,0.910711,1.198395,
8.3601,7.2780,195.38,16.81,44.88,-11.27,0.911334,1.199998,
8.3939,7.2953,195.62,16.76,44.78,-11.27,0.911954,1.201596,
8.4277,7.3126,195.85,16.71,44.69,-11.27,0.912571,1.203191,
8.4616,7.3299,196.09,16.66,44.59,-11.28,0.913185,1.204782,
8.4955,7.3471,196.32,16.61,44.50,-11.28,0.913796,1.206369,
8.5295,7.3644,196.56,16.56,44.40,-11.29,0.914403,1.207953,
8.5635,7.3817,196.79,16.51,44.31,-11.29,0.915008,1.209532,
8.5975,7.3990,197.02,16.46,44.21,-11.29,0.915609,1.211107,
8.6316,7.4163,197.25,16.41,44.12,-11.30,0.916208,1.212679,
8.6657,7.4336,197.48,16.36,44.03,-11.30,0.916804,1.214247,
8.6999,7.4509,197.71,16.32,43.94,-11.31,0.917396,1.215811,
8.7341,7.4682,197.94,16.27,43.84,-11.31,0.917986,1.217371,
8.7683,7.4854,198.17,16.22,43.75,-11.31,0.918573,1.218927,
8.8026,7.5027,198.40,16.17,43.66,-11.32,0.919156,1.220479,
8.8369,7.5200,198.62,16.12,43.57,-11.32,0.919737,1.222028,
8.8713,7.5373,198.85,16.08,43.48,-11.32,0.920315,1.223573,
8.9057,7.5546,199.08,16.03,43.39,-11.33,0.920890,1.225114,
8.9401,7.5719,199.30,15.98,43.30,-11.33,0.921463,1.226652,
8.9746,7.5892,199.52,15.94,43.21,-11.33,0.922032,1.228186,
9.0091,7.6065,199.75,15.89,43.12,-11.33,0.922599,1.229716,
9.0437,7.6237,199.97,15.84,43.03,-11.34,0.923162,1.231242,
9.0782,7.6410,200.19,15.80,42.94,-11.34,0.923723,1.232765,
9.1129,7.6583,200.42,15.75,42.85,-11.34,0.924282,1.234284,
9.1475,7.6756,200.64,15.71,42.76,-11.35,0.924837,1.235799,
9.1822,7.6929,200.86,15.66,42.67,-11.35,0.925390,1.237311,
9.2170,7.7102,201.08,15.62,42.58,-11.35,0.925940,1.238819,
9.2518,7.7275,201.30,15.57,42.50,-11.35,0.926487,1.240323,
9.2866,7.7448,201.52,15.53,42.41,-11.35,0.927032,1.241824,
9.3214,7.7620,201.73,15.48,42.32,-11.36,0.927573,1.243322,
9.3563,7.7793,201.95,15.44,42.23,-11.36,0.928113,1.244815,
9.3913,7.7966,202.17,15.39,42.15,-11.36,0.928649,1.246306,
9.4262,7.8139,202.38,15.35,42.06,-11.36,0.929183,1.247792,
9.4612,7.8312,202.60,15.31,41.97,-11.36,0.929714,1.249275,
9.4963,7.8485,202.81,15.26,41.89,-11.37,0.930243,1.250755,
9.5314,7.8658,203.03,15.22,41.80,-11.37,0.930769,1.252231,
9.5665,7.8831,203.24,15.17,41.72,-11.37,0.931292,1.253703,
9.6016,7.9003,203.46,15.13,41.63,-11.37,0.931813,1.255173,
9.6368,7.9176,203.67,15.09,41.55,-11.37,0.932331,1.256638,
9.6720,7.9349,203.88,15.05,41.46,-11.37,0.932847,1.258100,
9.7073,7.9522,204.09,15.00,41.38,-11.38,0.933360,1.259559,
9.7426,7.9695,204.30,14.96,41.30,-11.38,0.933871,1.261014,
9.7779,7.9868,204.51,14.92,41.21,-11.38,0.934379,1.262466,
9.8133,8.0041,204.72,14.88,41.13,-11.38,0.934885,1.263914,
9.8487,8.0214,204.93,14.83,41.05,-11.38,0.935388,1.265359,
9.8842,8.0386,205.14,14.79,40.96,-11.38,0.935889,1.266801,
9.9197,8.0559,205.35,14.75,40.88,-11.38,0.936387,1.268239,
9.9552,8.0732,205.55,14.71,40.80,-11.38,0.936883,1.269674,
9.9907,8.0905,205.76,14.67,40.72,-11.38,0.937376,1.271106,
10.0263,8.1078,205.97,14.63,40.64,-11.38,0.937867,1.272534,
10.0619,8.1251,206.17,14.58,40.55,-11.38,0.938356,1.273959,
10.0976,8.1424,206.38,14.54,40.47,-11.39,0.938842,1.275380,
10.1333,8.1597,206.58,14.50,40.39,-11.39,0.939326,1.276799,
10.1690,8.1769,206.78,14.46,40.31,-11.39,0.939808,1.278214,
10.2048,8.1942,206.99,14.42,40.23,-11.39,0.940287,1.279625,
10.2406,8.2115,207.19,14.38,40.15,-11.39,0.940763,1.281034,
10.2764,8.2288,207.39,14.34,40.07,-11.39,0.941238,1.282439,
10.3123,8.2461,207.59,14.30,39.99,-11.39,0.941710,1.283841,
10.3482,8.2634,207.79,14.26,39.91,-11.39,0.942180,1.285239,
10.3841,8.2807,207.99,14.22,39.83,-11.39,0.942647,1.286635,
10.4201,8.2980,208.19,14.18,39.75,-11.39,0.943113,1.288027,
10.4561,8.3152,208.39,14.14,39.68,-11.39,0.943576,1.289416,
10.4922,8.3325,208.59,14.11,39.60,-11.39,0.944037,1.290802,
10.5282,8.3498,208.79,14.07,39.52,-11.39,0.944495,1.292185,
10.5643,8.3671,208.99,14.03,39.44,-11.39,0.944951,1.293564,
10.6005,8.3844,209.18,13.99,39.36,-11.39,0.945405,1.294941,
10.6367,8.4017,209.38,13.95,39.29,-11.39,0.945857,1.296314,
10.6729,8.4190,209.58,13.91,39.21,-11.39,0.946307,1.297684,
10.7091,8.4363,209.77,13.87,39.13,-11.39,0.946754,1.299051,
10.7454,8.4535,209.97,13.84,39.06,-11.38,0.947200,1.300415,
10.7817,8.4708,210.16,13.80,38.98,-11.38,0.947643,1.301775,
10.8181,8.4881,210.35,13.76,38.90,-11.38,0.948084,1.303133,
10.8545,8.5054,210.55,13.72,38.83,-11.38,0.948523,1.304488,
10.8909,8.5227,210.74,13.69,38.75,-11.38,0.948960,1.305839,
10.9273,8.5400,210.93,13.65,38.68,-11.38,0.949394,1.307188,
10.9638,8.5573,211.12,13.61,38.60,-11.38,0.949827,1.308533,
11.0003,8.5746,211.31,13.57,38.53,-11.38,0.950257,1.309875,
11.0369,8.5918,211.51,13.54,38.45,-11.38,0.950686,1.311215,
11.0734,8.6091,211.70,13.50,38.38,-11.38,0.951112,1.312551,
11.1101,8.6264,211.88,13.46,38.31,-11.38,0.951536,1.313885,
11.1467,8.6437,212.07,13.43,38.23,-11.38,0.951958,1.315215,
11.1834,8.6610,212.26,13.39,38.16,-11.37,0.952378,1.316542,
11.2201,8.6783,212.45,13.36,38.08,-11.37,0.952797,1.317867,
11.2568,8.6956,212.64,13.32,38.01,-11.37,0.953213,1.319188,
11.2936,8.7129,212.83,13.28,37.94,-11.37,0.953627,1.320507,
11.3304,8.7301,213.01,13.25,37.87,-11.37,0.954039,1.321822,
11.3673,8.7474,213.20,13.21,37.79,-11.37,0.954449,1.323135,
11.4041,8.7647,213.38,13.18,37.72,-11.37,0.954857,1.324444,
11.4410,8.7820,213.57,13.14,37.65,-11.37,0.955263,1.325751,
11.4780,8.7993,213.75,13.11,37.58,-11.36,0.955668,1.327055,
11.5149,8.8166,213.94,13.07,37.51,-11.36,0.956070,1.328356,
11.5519,8.8339,214.12,13.04,37.43,-11.36,0.956470,1.329654,
11.5890,8.8512,214.30,13.00,37.36,-11.36,0.956869,1.330949,
11.6260,8.8684,214.49,12.97,37.29,-11.36,0.957265,1.332242,
11.6631,8.8857,214.67,12.93,37.22,-11.36,0.957660,1.333531,
11.7003,8.9030,214.85,12.90,37.15,-11.35,0.958053,1.334818,
11.7374,8.9203,215.03,12.87,37.08,-11.35,0.958443,1.336102,
11.7746,8.9376,215.21,12.83,37.01,-11.35,0.958832,1.337383,
11.8118,8.9549,215.39,12.80,36.94,-11.35,0.959219,1.338661,
11.8491,8.9722,215.57,12.76,36.87,-11.35,0.959605,1.339937,
11.8864,8.9895,215.75,12.73,36.80,-11.34,0.959988,1.341209,
11.9237,9.0067,215.93,12.70,36.73,-11.34,0.960370,1.342479,
11.9610,9.0240,216.11,12.66,36.67,-11.34,0.960749,1.343746,
11.9984,9.0413,216.29,12.63,36.60,-11.34,0.961127,1.345010,
12.0358,9.0586,216.46,12.60,36.53,-11.34,0.961503,1.346272,
12.0732,9.0759,216.64,12.56,36.46,-11.33,0.961878,1.347531,
12.1107,9.0932,216.82,12.53,36.39,-11.33,0.962250,1.348787,
12.1482,9.1105,216.99,12.50,36.32,-11.33,0.962621,1.350040,
12.1857,9.1278,217.17,12.47,36.26,-11.33,0.962990,1.351291,
12.2233,9.1450,217.34,12.43,36.19,-11.32,0.963357,1.352539,
12.2609,9.1623,217.52,12.40,36.12,-11.32,0.963722,1.353784,
12.2985,9.1796,217.69,12.37,36.06,-11.32,0.964086,1.355027,
12.3361,9.1969,217.87,12.34,35.99,-11.32,0.964448,1.356267,
12.3738,9.2142,218.04,12.30,35.92,-11.31,0.964808,1.357504,
12.4115,9.2315,218.21,12.27,35.86,-11.31,0.965167,1.358738,
12.4493,9.2488,218.38,12.24,35.79,-11.31,0.965524,1.359970,
12.4870,9.2661,218.56,12.21,35.72,-11.31,0.965879,1.361200,
12.5248,9.2833,218.73,12.18,35.66,-11.30,0.966232,1.362426,
12.5626,9.3006,218.90,12.15,35.59,-11.30,0.966584,1.363650,
12.6005,9.3179,219.07,12.12,35.53,-11.30,0.966934,1.364872,
12.6384,9.3352,219.24,12.08,35.46,-11.30,0.967282,1.366090,
12.6763,9.3525,219.41,12.05,35.40,-11.29,0.967629,1.367307,
12.7143,9.3698,219.58,12.02,35.33,-11.29,0.967974,1.368520,
12.7522,9.3871,219.75,11.99,35.27,-11.29,0.968317,1.369731,
12.7902,9.4044,219.91,11.96,35.21,-11.28,0.968659,1.370940,
12.8283,9.4216,220.08,11.93,35.14,-11.28,0.968999,1.372146,
12.8663,9.4389,220.25,11.90,35.08,-11.28,0.969338,1.373349,
12.9044,9.4562,220.42,11.87,35.01,-11.27,0.969675,1.374550,
12.9425,9.4735,220.58,11.84,34.95,-11.27,0.970010,1.375748,
12.9807,9.4908,220.75,11.81,34.89,-11.27,0.970344,1.376944,
13.0189,9.5081,220.92,11.78,34.82,-11.27,0.970676,1.378137,
13.0571,9.5254,221.08,11.75,34.76,-11.26,0.971007,1.379328,
13.0953,9.5427,221.25,11.72,34.70,-11.26,0.971336,1.380516,
13.1336,9.5599,221.41,11.69,34.64,-11.26,0.971663,1.381702,
13.1718,9.5772,221.58,11.66,34.57,-11.25,0.971989,1.382885,
13.2102,9.5945,221.74,11.63,34.51,-11.25,0.972314,1.384066,
13.2485,9.6118,221.90,11.60,34.45,-11.25,0.972636,1.385244,
13.2869,9.6291,222.07,11.57,34.39,-11.24,0.972958,1.386420,
13.3253,9.6464,222.23,11.54,34.33,-11.24,0.973277,1.387593,
13.3637,9.6637,222.39,11.51,34.27,-11.24,0.973596,1.388764,
13.4022,9.6810,222.55,11.49,34.20,-11.23,0.973912,1.389932,
13.4407,9.6982,222.71,11.46,34.14,-11.23,0.974228,1.391098,
13.4792,9.7155,222.87,11.43,34.08,-11.23,0.974541,1.392262,
13.5177,9.7328,223.03,11.40,34.02,-11.22,0.974854,1.393423,
13.5563,9.7501,223.19,11.37,33.96,-11.22,0.975165,1.394582,
13.5949,9.7674,223.35,11.34,33.90,-11.21,0.975474,1.395739,
13.6335,9.7847,223.51,11.32,33.84,-11.21,0.975782,1.396893,
13.6722,9.8020,223.67,11.29,33.78,-11.21,0.976088,1.398044,
13.7109,9.8192,223.83,11.26,33.72,-11.20,0.976393,1.399193,
13.7496,9.8365,223.99,11.23,33.66,-11.20,0.976697,1.400340,
13.7883,9.8538,224.15,11.20,33.60,-11.20,0.976999,1.401485,
13.8271,9.8711,224.30,11.18,33.54,-11.19,0.977299,1.402627,
13.8659,9.8884,224.46,11.15,33.49,-11.19,0.977598,1.403767,
13.9047,9.9057,224.62,11.12,33.43,-11.18,0.977896,1.404905,
13.9435,9.9230,224.77,11.09,33.37,-11.18,0.978193,1.406040,
13.9824,9.9403,224.93,11.07,33.31,-11.18,0.978488,1.407173,
14.0213,9.9575,225.08,11.04,33.25,-11.17,0.978781,1.408303,
14.0602,9.9748,225.24,11.01,33.19,-11.17,0.979074,1.409432,
14.0992,9.9921,225.39,10.99,33.14,-11.17,0.979364,1.410558,
14.1381,10.0094,225.55,10.96,33.08,-11.16,0.979654,1.411681,
14.1771,10.0267,225.70,10.93,33.02,-11.16,0.979942,1.412803,
14.2162,10.0440,225.86,10.90,32.96,-11.15,0.980229,1.413922,
14.2552,10.0613,226.01,10.88,32.91,-11.15,0.980514,1.415039,
14.2943,10.0786,226.16,10.85,32.85,-11.15,0.980798,1.416153,
14.3334,10.0958,226.31,10.83,32.79,-11.14,0.981081,1.417266,
14.3726,10.1131,226.47,10.80,32.74,-11.14,0.981362,1.418376,
14.4117,10.1304,226.62,10.77,32.68,-11.13,0.981642,1.419484,
14.4509,10.1477,226.77,10.75,32.62,-11.13,0.981921,1.420590,
14.4901,10.1650,226.92,10.72,32.57,-11.12,0.982198,1.421693,
14.5294,10.1823,227.07,10.70,32.51,-11.12,0.982475,1.422794,
14.5686,10.1996,227.22,10.67,32.45,-11.12,0.982749,1.423893,
14.6079,10.2169,227.37,10.64,32.40,-11.11,0.983023,1.424990,
14.6473,10.2341,227.52,10.62,32.34,-11.11,0.983295,1.426085,
14.6866,10.2514,227.67,10.59,32.29,-11.10,0.983566,1.427177,
14.7260,10.2687,227.82,10.57,32.23,-11.10,0.983836,1.428268,
14.7654,10.2860,227.97,10.54,32.18,-11.09,0.984104,1.429356,
14.8048,10.3033,228.11,10.52,32.12,-11.09,0.984371,1.430442,
14.8442,10.3206,228.26,10.49,32.07,-11.09,0.984637,1.431526,
14.8837,10.3379,228.41,10.47,32.01,-11.08,0.984902,1.432607,
14.9232,10.3552,228.56,10.44,31.96,-11.08,0.985165,1.433687,
14.9627,10.3724,228.70,10.42,31.91,-11.07,0.985427,1.434764,
15.0023,10.3897,228.85,10.39,31.85,-11.07,0.985688,1.435839,
15.0419,10.4070,229.00,10.37,31.80,-11.06,0.985948,1.436913,
15.0815,10.4243,229.14,10.34,31.74,-11.06,0.986206,1.437984,
15.1211,10.4416,229.29,10.32,31.69,-11.05,0.986464,1.439052,
15.1607,10.4589,229.43,10.29,31.64,-11.05,0.986720,1.440119,
15.2004,10.4762,229.58,10.27,31.58,-11.05,0.986974,1.441184,
15.2401,10.4935,229.72,10.25,31.53,-11.04,0.987228,1.442247,
15.2798,10.5107,229.86,10.22,31.48,-11.04,0.987480,1.443307,
15.3196,10.5280,230.01,10.20,31.43,-11.03,0.987732,1.444366,
15.3594,10.5453,230.15,10.17,31.37,-11.03,0.987982,1.445422,
15.3992,10.5626,230.29,10.15,31.32,-11.02,0.988231,1.446476,
15.4390,10.5799,230.44,10.13,31.27,-11.02,0.988478,1.447529,
15.4788,10.5972,230.58,10.10,31.22,-11.01,0.988725,1.448579,
15.5187,10.6145,230.72,10.08,31.16,-11.01,0.988970,1.449627,
15.5586,10.6318,230.86,10.05,31.11,-11.00,0.989215,1.450673,
15.5985,10.6490,231.00,10.03,31.06,-11.00,0.989458,1.451717,
15.6385,10.6663,231.14,10.01,31.01,-10.99,0.989700,1.452760,
15.6784,10.6836,231.28,9.98,30.96,-10.99,0.989940,1.453800,
15.7184,10.7009,231.42,9.96,30.91,-10.99,0.990180,1.454838,
15.7585,10.7182,231.56,9.94,30.86,-10.98,0.990419,1.455874,
15.7985,10.7355,231.70,9.91,30.80,-10.98,0.990656,1.456908,
15.8386,10.7528,231.84,9.89,30.75,-10.97,0.990892,1.457940,
15.8787,10.7701,231.98,9.87,30.70,-10.97,0.991128,1.458970,
15.9188,10.7873,232.12,9.85,30.65,-10.96,0.991362,1.459998,
15.9589,10.8046,232.26,9.82,30.60,-10.96,0.991595,1.461025,
15.9991,10.8219,232.40,9.80,30.55,-10.95,0.991827,1.462049,
16.0393,10.8392,232.53,9.78,30.50,-10.95,0.992057,1.463071,
16.0795,10.8565,232.67,9.76,30.45,-10.94,0.992287,1.464091,
16.1197,10.8738,232.81,9.73,30.40,-10.94,0.992516,1.465110,
16.1600,10.8911,232.95,9.71,30.35,-10.93,0.992743,1.466126,
16.2003,10.9084,233.08,9.69,30.30,-10.93,0.992970,1.467141,
16.2406,10.9256,233.22,9.67,30.25,-10.92,0.993195,1.468153,
16.2809,10.9429,233.35,9.64,30.21,-10.92,0.993420,1.469164,
16.3212,10.9602,233.49,9.62,30.16,-10.91,0.993643,1.470173,
16.3616,10.9775,233.62,9.60,30.11,-10.91,0.993865,1.471179,
16.4020,10.9948,233.76,9.58,30.06,-10.90,0.994086,1.472184,
16.4424,11.0121,233.89,9.56,30.01,-10.90,0.994307,1.473187,
16.4829,11.0294,234.03,9.54,29.96,-10.89,0.994526,1.474188,
16.5234,11.0467,234.16,9.51,29.91,-10.89,0.994744,1.475188,
16.5638,11.0639,234.30,9.49,29.87,-10.88,0.994961,1.476185,
16.6044,11.0812,234.43,9.47,29.82,-10.88,0.995177,1.477180,
16.6449,11.0985,234.56,9.45,29.77,-10.87,0.995392,1.478174,
16.6855,11.1158,234.69,9.43,29.72,-10.87,0.995606,1.479166,
16.7260,11.1331,234.83,9.41,29.67,-10.86,0.995819,1.480156,
16.7667,11.1504,234.96,9.39,29.63,-10.86,0.996031,1.481144,
16.8073,11.1677,235.09,9.36,29.58,-10.85,0.996242,1.482130,
16.8479,11.1850,235.22,9.34,29.53,-10.85,0.996452,1.483114,
16.8886,11.2022,235.35,9.32,29.48,-10.84,0.996661,1.484097,
16.9293,11.2195,235.48,9.30,29.44,-10.83,0.996869,1.485077,
16.9700,11.2368,235.62,9.28,29.39,-10.83,0.997076,1.486056,
17.0108,11.2541,235.75,9.26,29.34,-10.82,0.997282,1.487033,
17.0515,11.2714,235.88,9.24,29.30,-10.82,0.997487,1.488009,
17.0923,11.2887,236.01,9.22,29.25,-10.81,0.997692,1.488982,
17.1331,11.3060,236.14,9.20,29.20,-10.81,0.997895,1.489954,
17.1740,11.3233,236.26,9.18,29.16,-10.80,0.998097,1.490923,
17.2148,11.3405,236.39,9.16,29.11,-10.80,0.998298,1.491891,
17.2557,11.3578,236.52,9.14,29.07,-10.79,0.998499,1.492858,
17.2966,11.3751,236.65,9.12,29.02,-10.79,0.998698,1.493822,
17.3375,11.3924,236.78,9.10,28.98,-10.78,0.998897,1.494785,
17.3785,11.4097,236.91,9.08,28.93,-10.78,0.999094,1.495746,
17.4194,11.4270,237.03,9.06,28.88,-10.77,0.999291,1.496705,
17.4604,11.4443,237.16,9.04,28.84,-10.77,0.999486,1.497662,
17.5014,11.4616,237.29,9.02,28.79,-10.76,0.999681,1.498618,
17.5425,11.4788,237.41,9.00,28.75,-10.76,0.999875,1.499572,
17.5613,11.4868,237.47,8.99,28.73,-10.75,0.999997,1.500000,燃烧结束点
17.5835,11.4961,237.54,8.98,28.70,-10.75,1.000000,1.500001,
17.6246,11.5134,237.67,8.96,28.66,-10.74,1.000000,1.500001,
17.6657,11.5307,237.79,8.94,28.61,-10.74,1.000000,1.500001,
17.7068,11.5480,237.92,8.92,28.57,-10.73,1.000000,1.500001,
17.7479,11.5653,238.04,8.90,28.53,-10.73,1.000000,1.500001,
17.7891,11.5826,238.17,8.88,28.48,-10.72,1.000000,1.500001,
17.8303,11.5999,238.29,8.86,28.44,-10.72,1.000000,1.500001,
17.8715,11.6171,238.42,8.84,28.39,-10.71,1.000000,1.500001,
17.9127,11.6344,238.54,8.82,28.35,-10.71,1.000000,1.500001,
17.9540,11.6517,238.67,8.80,28.30,-10.70,1.000000,1.500001,
17.9952,11.6690,238.79,8.78,28.26,-10.70,1.000000,1.500001,
18.0365,11.6863,238.91,8.76,28.22,-10.69,1.000000,1.500001,
18.0778,11.7036,239.04,8.74,28.17,-10.69,1.000000,1.500001,
18.1192,11.7209,239.16,8.72,28.13,-10.68,1.000000,1.500001,
18.1605,11.7382,239.28,8.71,28.09,-10.67,1.000000,1.500001,
18.2019,11.7554,239.40,8.69,28.04,-10.67,1.000000,1.500001,
18.2433,11.7727,239.53,8.67,28.00,-10.66,1.000000,1.500001,
18.2847,11.7900,239.65,8.65,27.96,-10.66,1.000000,1.500001,
18.3262,11.8073,239.77,8.63,27.92,-10.65,1.000000,1.500001,
18.3676,11.8246,239.89,8.61,27.87,-10.65,1.000000,1.500001,
18.4091,11.8419,240.01,8.59,27.83,-10.64,1.000000,1.500001,
18.4506,11.8592,240.13,8.58,27.79,-10.64,1.000000,1.500001,
18.4921,11.8765,240.25,8.56,27.75,-10.63,1.000000,1.500001,
18.5337,11.8937,240.37,8.54,27.70,-10.63,1.000000,1.500001,
18.5752,11.9110,240.49,8.52,27.66,-10.62,1.000000,1.500001,
18.6168,11.9283,240.61,8.50,27.62,-10.61,1.000000,1.500001,
18.6584,11.9456,240.73,8.48,27.58,-10.61,1.000000,1.500001,
18.7001,11.9629,240.85,8.47,27.54,-10.60,1.000000,1.500001,
18.7417,11.9802,240.97,8.45,27.49,-10.60,1.000000,1.500001,
18.7834,11.9975,241.09,8.43,27.45,-10.59,1.000000,1.500001,
18.8251,12.0148,241.21,8.41,27.41,-10.59,1.000000,1.500001,
18.8668,12.0320,241.32,8.39,27.37,-10.58,1.000000,1.500001,
18.9085,12.0493,241.44,8.38,27.33,-10.58,1.000000,1.500001,
18.9502,12.0666,241.56,8.36,27.29,-10.57,1.000000,1.500001,
18.9920,12.0839,241.68,8.34,27.25,-10.56,1.000000,1.500001,
19.0338,12.1012,241.79,8.32,27.21,-10.56,1.000000,1.500001,
19.0756,12.1185,241.91,8.31,27.16,-10.55,1.000000,1.500001,
19.1174,12.1358,242.03,8.29,27.12,-10.55,1.000000,1.500001,
19.1593,12.1531,242.14,8.27,27.08,-10.54,1.000000,1.500001,
19.2012,12.1703,242.26,8.25,27.04,-10.54,1.000000,1.500001,
19.2431,12.1876,242.38,8.24,27.00,-10.53,1.000000,1.500001,
19.2850,12.2049,242.49,8.22,26.96,-10.53,1.000000,1.500001,
19.3269,12.2222,242.61,8.20,26.92,-10.52,1.000000,1.500001,
19.3689,12.2395,242.72,8.18,26.88,-10.51,1.000000,1.500001,
19.4108,12.2568,242.84,8.17,26.84,-10.51,1.000000,1.500001,
19.4528,12.2741,242.95,8.15,26.80,-10.50,1.000000,1.500001,
19.4948,12.2913,243.07,8.13,26.76,-10.50,1.000000,1.500001,
19.5369,12.3086,243.18,8.12,26.72,-10.49,1.000000,1.500001,
19.5789,12.3259,243.30,8.10,26.68,-10.49,1.000000,1.500001,
19.6210,12.3432,243.41,8.08,26.65,-10.48,1.000000,1.500001,
19.6631,12.3605,243.52,8.07,26.61,-10.47,1.000000,1.500001,
19.7052,12.3778,243.64,8.05,26.57,-10.47,1.000000,1.500001,
19.7473,12.3951,243.75,8.03,26.53,-10.46,1.000000,1.500001,
19.7894,12.4124,243.86,8.02,26.49,-10.46,1.000000,1.500001,
19.8316,12.4296,243.97,8.00,26.45,-10.45,1.000000,1.500001,
19.8738,12.4469,244.09,7.98,26.41,-10.45,1.000000,1.500001,
19.9160,12.4642,244.20,7.97,26.37,-10.44,1.000000,1.500001,
19.9582,12.4815,244.31,7.95,26.33,-10.43,1.000000,1.500001,
20.0005,12.4988,244.42,7.93,26.30,-10.43,1.000000,1.500001,
20.0427,12.5161,244.53,7.92,26.26,-10.42,1.000000,1.500001,
20.0850,12.5334,244.64,7.90,26.22,-10.42,1.000000,1.500001,
20.1273,12.5507,244.76,7.88,26.18,-10.41,1.000000,1.500001,
20.1696,12.5679,244.87,7.87,26.14,-10.41,1.000000,1.500001,
20.2120,12.5852,244.98,7.85,26.11,-10.40,1.000000,1.500001,
20.2543,12.6025,245.09,7.84,26.07,-10.39,1.000000,1.500001,
20.2967,12.6198,245.20,7.82,26.03,-10.39,1.000000,1.500001,
20.3391,12.6371,245.31,7.80,25.99,-10.38,1.000000,1.500001,
20.3815,12.6544,245.42,7.79,25.95,-10.38,1.000000,1.500001,
20.4240,12.6717,245.53,7.77,25.92,-10.37,1.000000,1.500001,
20.4664,12.6890,245.64,7.76,25.88,-10.37,1.000000,1.500001,
20.5089,12.7062,245.74,7.74,25.84,-10.36,1.000000,1.500001,
20.5514,12.7235,245.85,7.73,25.81,-10.35,1.000000,1.500001,
20.5939,12.7408,245.96,7.71,25.77,-10.35,1.000000,1.500001,
20.6364,12.7581,246.07,7.69,25.73,-10.34,1.000000,1.500001,
20.6790,12.7754,246.18,7.68,25.69,-10.34,1.000000,1.500001,
20.7215,12.7927,246.29,7.66,25.66,-10.33,1.000000,1.500001,
20.7641,12.8100,246.39,7.65,25.62,-10.33,1.000000,1.500001,
20.8067,12.8273,246.50,7.63,25.58,-10.32,1.000000,1.500001,
20.8494,12.8445,246.61,7.62,25.55,-10.31,1.000000,1.500001,
20.8920,12.8618,246.72,7.60,25.51,-10.31,1.000000,1.500001,
20.9347,12.8791,246.82,7.59,25.48,-10.30,1.000000,1.500001,
20.9773,12.8964,246.93,7.57,25.44,-10.30,1.000000,1.500001,
21.0200,12.9137,247.03,7.56,25.40,-10.29,1.000000,1.500001,
21.0628,12.9310,247.14,7.54,25.37,-10.29,1.000000,1.500001,
21.1055,12.9483,247.25,7.53,25.33,-10.28,1.000000,1.500001,
21.1482,12.9656,247.35,7.51,25.30,-10.27,1.000000,1.500001,
21.1910,12.9828,247.46,7.50,25.26,-10.27,1.000000,1.500001,
21.2338,13.0001,247.56,7.48,25.22,-10.26,1.000000,1.500001,
21.2766,13.0174,247.67,7.47,25.19,-10.26,1.000000,1.500001,
21.3194,13.0347,247.77,7.45,25.15,-10.25,1.000000,1.500001,
21.3623,13.0520,247.88,7.44,25.12,-10.24,1.000000,1.500001,
21.4051,13.0693,247.98,7.42,25.08,-10.24,1.000000,1.500001,
21.4480,13.0866,248.09,7.41,25.05,-10.23,1.000000,1.500001,
21.4909,13.1039,248.19,7.39,25.01,-10.23,1.000000,1.500001,
21.5338,13.1211,248.29,7.38,24.98,-10.22,1.000000,1.500001,
21.5768,13.1384,248.40,7.36,24.94,-10.22,1.000000,1.500001,
21.6197,13.1557,248.50,7.35,24.91,-10.21,1.000000,1.500001,
21.6627,13.1730,248.61,7.33,24.87,-10.20,1.000000,1.500001,
21.7057,13.1903,248.71,7.32,24.84,-10.20,1.000000,1.500001,
21.7487,13.2076,248.81,7.31,24.80,-10.19,1.000000,1.500001,
21.7917,13.2249,248.91,7.29,24.77,-10.19,1.000000,1.500001,
21.8347,13.2422,249.02,7.28,24.74,-10.18,1.000000,1.500001,
21.8778,13.2594,249.12,7.26,24.70,-10.17,1.000000,1.500001,
21.9209,13.2767,249.22,7.25,24.67,-10.17,1.000000,1.500001,
21.9640,13.2940,249.32,7.24,24.63,-10.16,1.000000,1.500001,
22.0071,13.3113,249.42,7.22,24.60,-10.16,1.000000,1.500001,
22.0502,13.3286,249.53,7.21,24.57,-10.15,1.000000,1.500001,
22.0933,13.3459,249.63,7.19,24.53,-10.15,1.000000,1.500001,
22.1365,13.3632,249.73,7.18,24.50,-10.14,1.000000,1.500001,
22.1797,13.3805,249.83,7.17,24.46,-10.13,1.000000,1.500001,
22.2229,13.3977,249.93,7.15,24.43,-10.13,1.000000,1.500001,
22.2661,13.4150,250.03,7.14,24.40,-10.12,1.000000,1.500001,
22.3093,13.4323,250.13,7.12,24.36,-10.12,1.000000,1.500001,
22.3526,13.4496,250.23,7.11,24.33,-10.11,1.000000,1.500001,
22.3958,13.4669,250.33,7.10,24.30,-10.10,1.000000,1.500001,
22.4391,13.4842,250.43,7.08,24.26,-10.10,1.000000,1.500001,
22.4824,13.5015,250.53,7.07,24.23,-10.09,1.000000,1.500001,
22.5257,13.5188,250.63,7.06,24.20,-10.09,1.000000,1.500001,
22.5691,13.5360,250.73,7.04,24.16,-10.08,1.000000,1.500001,
22.6124,13.5533,250.83,7.03,24.13,-10.08,1.000000,1.500001,
22.6558,13.5706,250.92,7.01,24.10,-10.07,1.000000,1.500001,
22.6992,13.5879,251.02,7.00,24.07,-10.06,1.000000,1.500001,
22.7426,13.6052,251.12,6.99,24.03,-10.06,1.000000,1.500001,
22.7860,13.6225,251.22,6.97,24.00,-10.05,1.000000,1.500001,
22.8295,13.6398,251.32,6.96,23.97,-10.05,1.000000,1.500001,
22.8729,13.6571,251.42,6.95,23.94,-10.04,1.000000,1.500001,
22.9164,13.6743,251.51,6.94,23.90,-10.03,1.000000,1.500001,
22.9599,13.6916,251.61,6.92,23.87,-10.03,1.000000,1.500001,
23.0034,13.7089,251.71,6.91,23.84,-10.02,1.000000,1.500001,
23.0469,13.7262,251.81,6.90,23.81,-10.02,1.000000,1.500001,
23.0904,13.7435,251.90,6.88,23.78,-10.01,1.000000,1.500001,
23.1340,13.7608,252.00,6.87,23.74,-10.00,1.000000,1.500001,
23.1776,13.7781,252.10,6.86,23.71,-10.00,1.000000,1.500001,
23.2211,13.7954,252.19,6.84,23.68,-9.99,1.000000,1.500001,
23.2648,13.8126,252.29,6.83,23.65,-9.99,1.000000,1.500001,
23.3084,13.8299,252.38,6.82,23.62,-9.98,1.000000,1.500001,
23.3520,13.8472,252.48,6.81,23.59,-9.98,1.000000,1.500001,
23.3957,13.8645,252.57,6.79,23.55,-9.97,1.000000,1.500001,
23.4393,13.8818,252.67,6.78,23.52,-9.96,1.000000,1.500001,
23.4830,13.8991,252.77,6.77,23.49,-9.96,1.000000,1.500001,
23.5267,13.9164,252.86,6.75,23.46,-9.95,1.000000,1.500001,
23.5705,13.9337,252.96,6.74,23.43,-9.95,1.000000,1.500001,
23.6142,13.9509,253.05,6.73,23.40,-9.94,1.000000,1.500001,
23.6579,13.9682,253.14,6.72,23.37,-9.93,1.000000,1.500001,
23.7017,13.9855,253.24,6.70,23.34,-9.93,1.000000,1.500001,
23.7455,14.0028,253.33,6.69,23.31,-9.92,1.000000,1.500001,
23.7893,14.0201,253.43,6.68,23.28,-9.92,1.000000,1.500001,
23.8331,14.0374,253.52,6.67,23.25,-9.91,1.000000,1.500001,
23.8770,14.0547,253.61,6.65,23.21,-9.91,1.000000,1.500001,
23.9208,14.0720,253.71,6.64,23.18,-9.90,1.000000,1.500001,
23.9647,14.0892,253.80,6.63,23.15,-9.89,1.000000,1.500001,
24.0086,14.1065,253.89,6.62,23.12,-9.89,1.000000,1.500001,
24.0525,14.1238,253.99,6.61,23.09,-9.88,1.000000,1.500001,
24.0964,14.1411,254.08,6.59,23.06,-9.88,1.000000,1.500001,
24.1403,14.1584,254.17,6.58,23.03,-9.87,1.000000,1.500001,
24.1843,14.1757,254.27,6.57,23.00,-9.86,1.000000,1.500001,
24.2282,14.1930,254.36,6.56,22.97,-9.86,1.000000,1.500001,
24.2722,14.2103,254.45,6.54,22.94,-9.85,1.000000,1.500001,
24.3162,14.2275,254.54,6.53,22.91,-9.85,1.000000,1.500001,
24.3602,14.2448,254.63,6.52,22.88,-9.84,1.000000,1.500001,
24.4042,14.2621,254.73,6.51,22.85,-9.84,1.000000,1.500001,
24.4483,14.2794,254.82,6.50,22.82,-9.83,1.000000,1.500001,
24.4923,14.2967,254.91,6.49,22.79,-9.82,1.000000,1.500001,
24.5364,14.3140,255.00,6.47,22.76,-9.82,1.000000,1.500001,
24.5805,14.3313,255.09,6.46,22.74,-9.81,1.000000,1.500001,
24.6246,14.3486,255.18,6.45,22.71,-9.81,1.000000,1.500001,
24.6687,14.3658,255.27,6.44,22.68,-9.80,1.000000,1.500001,
24.7129,14.3831,255.36,6.43,22.65,-9.79,1.000000,1.500001,
24.7570,14.4004,255.45,6.41,22.62,-9.79,1.000000,1.500001,
24.8012,14.4177,255.54,6.40,22.59,-9.78,1.000000,1.500001,
24.8454,14.4350,255.63,6.39,22.56,-9.78,1.000000,1.500001,
24.8896,14.4523,255.72,6.38,22.53,-9.77,1.000000,1.500001,
24.9338,14.4696,255.81,6.37,22.50,-9.77,1.000000,1.500001,
24.9780,14.4869,255.90,6.36,22.47,-9.76,1.000000,1.500001,
25.0223,14.5041,255.99,6.35,22.45,-9.75,1.000000,1.500001,
25.0665,14.5214,256.08,6.33,22.42,-9.75,1.000000,1.500001,
25.1108,14.5387,256.17,6.32,22.39,-9.74,1.000000,1.500001,
25.1551,14.5560,256.26,6.31,22.36,-9.74,1.000000,1.500001,
25.1994,14.5733,256.35,6.30,22.33,-9.73,1.000000,1.500001,
25.2437,14.5906,256.43,6.29,22.30,-9.72,1.000000,1.500001,
25.2881,14.6079,256.52,6.28,22.27,-9.72,1.000000,1.500001,
25.3324,14.6251,256.61,6.27,22.25,-9.71,1.000000,1.500001,
25.3768,14.6424,256.70,6.26,22.22,-9.71,1.000000,1.500001,
25.4212,14.6597,256.79,6.24,22.19,-9.70,1.000000,1.500001,
25.4656,14.6770,256.87,6.23,22.16,-9.70,1.000000,1.500001,
25.5100,14.6943,256.96,6.22,22.13,-9.69,1.000000,1.500001,
25.5544,14.7116,257.05,6.21,22.11,-9.68,1.000000,1.500001,
25.5989,14.7289,257.14,6.20,22.08,-9.68,1.000000,1.500001,
25.6433,14.7462,257.22,6.19,22.05,-9.67,1.000000,1.500001,
25.6878,14.7634,257.31,6.18,22.02,-9.67,1.000000,1.500001,
25.7323,14.7807,257.40,6.17,21.99,-9.66,1.000000,1.500001,
25.7768,14.7980,257.48,6.16,21.97,-9.66,1.000000,1.500001,
25.8213,14.8153,257.57,6.15,21.94,-9.65,1.000000,1.500001,
25.8659,14.8326,257.66,6.13,21.91,-9.64,1.000000,1.500001,
25.9104,14.8499,257.74,6.12,21.88,-9.64,1.000000,1.500001,
25.9550,14.8672,257.83,6.11,21.86,-9.63,1.000000,1.500001,
25.9995,14.8845,257.92,6.10,21.83,-9.63,1.000000,1.500001,
26.0441,14.9017,258.00,6.09,21.80,-9.62,1.000000,1.500001,
26.0888,14.9190,258.09,6.08,21.78,-9.61,1.000000,1.500001,
26.1334,14.9363,258.17,6.07,21.75,-9.61,1.000000,1.500001,
26.1780,14.9536,258.26,6.06,21.72,-9.60,1.000000,1.500001,
26.2227,14.9709,258.34,6.05,21.69,-9.60,1.000000,1.500001,
26.2673,14.9882,258.43,6.04,21.67,-9.59,1.000000,1.500001,
26.3120,15.0055,258.51,6.03,21.64,-9.59,1.000000,1.500001,
26.3567,15.0228,258.60,6.02,21.61,-9.58,1.000000,1.500001,
26.4014,15.0400,258.68,6.01,21.59,-9.57,1.000000,1.500001,
26.4462,15.0573,258.77,6.00,21.56,-9.57,1.000000,1.500001,
26.4909,15.0746,258.85,5.99,21.53,-9.56,1.000000,1.500001,
26.5357,15.0919,258.93,5.98,21.51,-9.56,1.000000,1.500001,
26.5804,15.1092,259.02,5.96,21.48,-9.55,1.000000,1.500001,
26.6252,15.1265,259.10,5.95,21.45,-9.55,1.000000,1.500001,
26.6700,15.1438,259.19,5.94,21.43,-9.54,1.000000,1.500001,
26.7148,15.1611,259.27,5.93,21.40,-9.53,1.000000,1.500001,
26.7596,15.1783,259.35,5.92,21.38,-9.53,1.000000,1.500001,
26.8045,15.1956,259.44,5.91,21.35,-9.52,1.000000,1.500001,
26.8493,15.2129,259.52,5.90,21.32,-9.52,1.000000,1.500001,
26.8942,15.2302,259.60,5.89,21.30,-9.51,1.000000,1.500001,
26.9391,15.2475,259.68,5.88,21.27,-9.51,1.000000,1.500001,
26.9840,15.2648,259.77,5.87,21.25,-9.50,1.000000,1.500001,
27.0289,15.2821,259.85,5.86,21.22,-9.49,1.000000,1.500001,
27.0738,15.2994,259.93,5.85,21.19,-9.49,1.000000,1.500001,
27.1188,15.3166,260.01,5.84,21.17,-9.48,1.000000,1.500001,
27.1637,15.3339,260.10,5.83,21.14,-9.48,1.000000,1.500001,
27.2087,15.3512,260.18,5.82,21.12,-9.47,1.000000,1.500001,
27.2537,15.3685,260.26,5.81,21.09,-9.47,1.000000,1.500001,
27.2987,15.3858,260.34,5.80,21.07,-9.46,1.000000,1.500001,
27.3437,15.4031,260.42,5.79,21.04,-9.45,1.000000,1.500001,
27.3887,15.4204,260.50,5.78,21.01,-9.45,1.000000,1.500001,
27.4338,15.4377,260.59,5.77,20.99,-9.44,1.000000,1.500001,
27.4788,15.4549,260.67,5.76,20.96,-9.44,1.000000,1.500001,
27.5239,15.4722,260.75,5.75,20.94,-9.43,1.000000,1.500001,
27.5690,15.4895,260.83,5.74,20.91,-9.43,1.000000,1.500001,
27.6141,15.5068,260.91,5.73,20.89,-9.42,1.000000,1.500001,
27.6592,15.5241,260.99,5.72,20.86,-9.41,1.000000,1.500001,
27.7043,15.5414,261.07,5.71,20.84,-9.41,1.000000,1.500001,
27.7495,15.5587,261.15,5.71,20.81,-9.40,1.000000,1.500001,
27.7946,15.5760,261.23,5.70,20.79,-9.40,1.000000,1.500001,
27.8398,15.5932,261.31,5.69,20.76,-9.39,1.000000,1.500001,
27.8850,15.6105,261.39,5.68,20.74,-9.39,1.000000,1.500001,
27.9302,15.6278,261.47,5.67,20.71,-9.38,1.000000,1.500001,
27.9754,15.6451,261.55,5.66,20.69,-9.37,1.000000,1.500001,
28.0206,15.6624,261.63,5.65,20.66,-9.37,1.000000,1.500001,
28.0658,15.6797,261.71,5.64,20.64,-9.36,1.000000,1.500001,
28.1111,15.6970,261.79,5.63,20.62,-9.36,1.000000,1.500001,
28.1563,15.7143,261.87,5.62,20.59,-9.35,1.000000,1.500001,
28.2016,15.7315,261.95,5.61,20.57,-9.35,1.000000,1.500001,
28.2469,15.7488,262.02,5.60,20.54,-9.34,1.000000,1.500001,
28.2922,15.7661,262.10,5.59,20.52,-9.34,1.000000,1.500001,
28.3375,15.7834,262.18,5.58,20.49,-9.33,1.000000,1.500001,
28.3829,15.8007,262.26,5.57,20.47,-9.32,1.000000,1.500001,
28.4282,15.8180,262.34,5.56,20.45,-9.32,1.000000,1.500001,
28.4736,15.8353,262.42,5.55,20.42,-9.31,1.000000,1.500001,
28.5189,15.8526,262.50,5.55,20.40,-9.31,1.000000,1.500001,
28.5643,15.8698,262.57,5.54,20.37,-9.30,1.000000,1.500001,
28.6097,15.8871,262.65,5.53,20.35,-9.30,1.000000,1.500001,
28.6551,15.9044,262.73,5.52,20.33,-9.29,1.000000,1.500001,
28.7006,15.9217,262.81,5.51,20.30,-9.28,1.000000,1.500001,
28.7460,15.9390,262.88,5.50,20.28,-9.28,1.000000,1.500001,
28.7914,15.9563,262.96,5.49,20.25,-9.27,1.000000,1.500001,
28.8369,15.9736,263.04,5.48,20.23,-9.27,1.000000,1.500001,
28.8824,15.9909,263.11,5.47,20.21,-9.26,1.000000,1.500001,
28.9279,16.0081,263.19,5.46,20.18,-9.26,1.000000,1.500001,
28.9734,16.0254,263.27,5.45,20.16,-9.25,1.000000,1.500001,
29.0189,16.0427,263.34,5.45,20.14,-9.25,1.000000,1.500001,
29.0644,16.0600,263.42,5.44,20.11,-9.24,1.000000,1.500001,
29.1100,16.0773,263.50,5.43,20.09,-9.23,1.000000,1.500001,
29.1555,16.0946,263.57,5.42,20.07,-9.23,1.000000,1.500001,
29.2011,16.1119,263.65,5.41,20.04,-9.22,1.000000,1.500001,
29.2467,16.1292,263.73,5.40,20.02,-9.22,1.000000,1.500001,
29.2923,16.1464,263.80,5.39,20.00,-9.21,1.000000,1.500001,
29.3379,16.1637,263.88,5.38,19.97,-9.21,1.000000,1.500001,
29.3835,16.1810,263.95,5.37,19.95,-9.20,1.000000,1.500001,
29.4292,16.1983,264.03,5.37,19.93,-9.20,1.000000,1.500001,
29.4748,16.2156,264.10,5.36,19.90,-9.19,1.000000,1.500001,
29.5205,16.2329,264.18,5.35,19.88,-9.18,1.000000,1.500001,
29.5662,16.2502,264.25,5.34,19.86,-9.18,1.000000,1.500001,
29.6119,16.2675,264.33,5.33,19.84,-9.17,1.000000,1.500001,
29.6576,16.2847,264.40,5.32,19.81,-9.17,1.000000,1.500001,
29.7033,16.3020,264.48,5.31,19.79,-9.16,1.000000,1.500001,
29.7490,16.3193,264.55,5.31,19.77,-9.16,1.000000,1.500001,
29.7947,16.3366,264.63,5.30,19.75,-9.15,1.000000,1.500001,
29.8405,16.3539,264.70,5.29,19.72,-9.15,1.000000,1.500001,
29.8863,16.3712,264.78,5.28,19.70,-9.14,1.000000,1.500001,
29.9320,16.3885,264.85,5.27,19.68,-9.14,1.000000,1.500001,
29.9778,16.4058,264.93,5.26,19.66,-9.13,1.000000,1.500001,
30.0236,16.4230,265.00,5.25,19.63,-9.12,1.000000,1.500001,
30.0695,16.4403,265.07,5.25,19.61,-9.12,1.000000,1.500001,
30.1153,16.4576,265.15,5.24,19.59,-9.11,1.000000,1.500001,
30.1611,16.4749,265.22,5.23,19.57,-9.11,1.000000,1.500001,
30.2070,16.4922,265.29,5.22,19.54,-9.10,1.000000,1.500001,
30.2529,16.5095,265.37,5.21,19.52,-9.10,1.000000,1.500001,
30.2987,16.5268,265.44,5.20,19.50,-9.09,1.000000,1.500001,
30.3446,16.5441,265.51,5.20,19.48,-9.09,1.000000,1.500001,
30.3905,16.5613,265.59,5.19,19.46,-9.08,1.000000,1.500001,
30.4365,16.5786,265.66,5.18,19.43,-9.07,1.000000,1.500001,
30.4824,16.5959,265.73,5.17,19.41,-9.07,1.000000,1.500001,
30.5283,16.6132,265.81,5.16,19.39,-9.06,1.000000,1.500001,
30.5743,16.6305,265.88,5.15,19.37,-9.06,1.000000,1.500001,
30.6203,16.6478,265.95,5.15,19.35,-9.05,1.000000,1.500001,
30.6662,16.6651,266.02,5.14,19.32,-9.05,1.000000,1.500001,
30.7122,16.6824,266.09,5.13,19.30,-9.04,1.000000,1.500001,
30.7582,16.6996,266.17,5.12,19.28,-9.04,1.000000,1.500001,
30.8043,16.7169,266.24,5.11,19.26,-9.03,1.000000,1.500001,
30.8503,16.7342,266.31,5.11,19.24,-9.03,1.000000,1.500001,
30.8963,16.7515,266.38,5.10,19.22,-9.02,1.000000,1.500001,
30.9424,16.7688,266.45,5.09,19.20,-9.01,1.000000,1.500001,
30.9885,16.7861,266.53,5.08,19.17,-9.01,1.000000,1.500001,
31.0345,16.8034,266.60,5.07,19.15,-9.00,1.000000,1.500001,
31.0806,16.8207,266.67,5.07,19.13,-9.00,1.000000,1.500001,
31.1267,16.8379,266.74,5.06,19.11,-8.99,1.000000,1.500001,
31.1729,16.8552,266.81,5.05,19.09,-8.99,1.000000,1.500001,
31.2190,16.8725,266.88,5.04,19.07,-8.98,1.000000,1.500001,
31.2651,16.8898,266.95,5.03,19.05,-8.98,1.000000,1.500001,
31.3113,16.9071,267.02,5.03,19.03,-8.97,1.000000,1.500001,
31.3575,16.9244,267.09,5.02,19.00,-8.97,1.000000,1.500001,
31.4036,16.9417,267.16,5.01,18.98,-8.96,1.000000,1.500001,
31.4498,16.9590,267.23,5.00,18.96,-8.96,1.000000,1.500001,
31.4960,16.9762,267.30,5.00,18.94,-8.95,1.000000,1.500001,
31.5423,16.9935,267.38,4.99,18.92,-8.94,1.000000,1.500001,
31.5885,17.0108,267.45,4.98,18.90,-8.94,1.000000,1.500001,
31.6347,17.0281,267.52,4.97,18.88,-8.93,1.000000,1.500001,
31.6810,17.0454,267.58,4.96,18.86,-8.93,1.000000,1.500001,
31.7272,17.0627,267.65,4.96,18.84,-8.92,1.000000,1.500001,
31.7735,17.0800,267.72,4.95,18.82,-8.92,1.000000,1.500001,
31.8198,17.0972,267.79,4.94,18.80,-8.91,1.000000,1.500001,
31.8661,17.1145,267.86,4.93,18.78,-8.91,1.000000,1.500001,
31.9124,17.1318,267.93,4.93,18.76,-8.90,1.000000,1.500001,
31.9587,17.1491,268.00,4.92,18.73,-8.90,1.000000,1.500001,
32.0051,17.1664,268.07,4.91,18.71,-8.89,1.000000,1.500001,
32.0514,17.1837,268.14,4.90,18.69,-8.89,1.000000,1.500001,
32.0978,17.2010,268.21,4.90,18.67,-8.88,1.000000,1.500001,
32.1442,17.2183,268.28,4.89,18.65,-8.88,1.000000,1.500001,
32.1905,17.2355,268.35,4.88,18.63,-8.87,1.000000,1.500001,
32.2369,17.2528,268.41,4.87,18.61,-8.86,1.000000,1.500001,
32.2833,17.2701,268.48,4.87,18.59,-8.86,1.000000,1.500001,
32.3298,17.2874,268.55,4.86,18.57,-8.85,1.000000,1.500001,
32.3762,17.3047,268.62,4.85,18.55,-8.85,1.000000,1.500001,
32.4226,17.3220,268.69,4.84,18.53,-8.84,1.000000,1.500001,
32.4691,17.3393,268.76,4.84,18.51,-8.84,1.000000,1.500001,
32.5156,17.3566,268.82,4.83,18.49,-8.83,1.000000,1.500001,
32.5620,17.3738,268.89,4.82,18.47,-8.83,1.000000,1.500001,
32.6085,17.3911,268.96,4.81,18.45,-8.82,1.000000,1.500001,
32.6550,17.4084,269.03,4.81,18.43,-8.82,1.000000,1.500001,
32.7016,17.4257,269.10,4.80,18.41,-8.81,1.000000,1.500001,
32.7481,17.4430,269.16,4.79,18.39,-8.81,1.000000,1.500001,
32.7946,17.4603,269.23,4.79,18.37,-8.80,1.000000,1.500001,
32.8412,17.4776,269.30,4.78,18.35,-8.80,1.000000,1.500001,
32.8877,17.4949,269.36,4.77,18.33,-8.79,1.000000,1.500001,
32.9343,17.5121,269.43,4.76,18.31,-8.79,1.000000,1.500001,
32.9809,17.5294,269.50,4.76,18.29,-8.78,1.000000,1.500001,
33.0275,17.5467,269.57,4.75,18.27,-8.78,1.000000,1.500001,
33.0741,17.5640,269.63,4.74,18.26,-8.77,1.000000,1.500001,
33.1207,17.5813,269.70,4.74,18.24,-8.76,1.000000,1.500001,
33.1673,17.5986,269.76,4.73,18.22,-8.76,1.000000,1.500001,
33.2140,17.6159,269.83,4.72,18.20,-8.75,1.000000,1.500001,
33.2606,17.6332,269.90,4.71,18.18,-8.75,1.000000,1.500001,
33.3073,17.6504,269.96,4.71,18.16,-8.74,1.000000,1.500001,
33.3540,17.6677,270.03,4.70,18.14,-8.74,1.000000,1.500001,
33.4006,17.6850,270.10,4.69,18.12,-8.73,1.000000,1.500001,
33.4473,17.7023,270.16,4.69,18.10,-8.73,1.000000,1.500001,
33.4941,17.7196,270.23,4.68,18.08,-8.72,1.000000,1.500001,
33.5408,17.7369,270.29,4.67,18.06,-8.72,1.000000,1.500001,
33.5875,17.7542,270.36,4.67,18.04,-8.71,1.000000,1.500001,
33.6343,17.7715,270.42,4.66,18.02,-8.71,1.000000,1.500001,
33.6810,17.7887,270.49,4.65,18.01,-8.70,1.000000,1.500001,
33.7278,17.8060,270.56,4.64,17.99,-8.70,1.000000,1.500001,
33.7746,17.8233,270.62,4.64,17.97,-8.69,1.000000,1.500001,
33.8213,17.8406,270.69,4.63,17.95,-8.69,1.000000,1.500001,
33.8681,17.8579,270.75,4.62,17.93,-8.68,1.000000,1.500001,
33.9150,17.8752,270.82,4.62,17.91,-8.68,1.000000,1.500001,
33.9618,17.8925,270.88,4.61,17.89,-8.67,1.000000,1.500001,
34.0086,17.9098,270.95,4.60,17.87,-8.67,1.000000,1.500001,
34.0555,17.9270,271.01,4.60,17.85,-8.66,1.000000,1.500001,
34.1023,17.9443,271.08,4.59,17.84,-8.66,1.000000,1.500001,
34.1492,17.9616,271.14,4.58,17.82,-8.65,1.000000,1.500001,
34.1961,17.9789,271.20,4.58,17.80,-8.65,1.000000,1.500001,
34.2429,17.9962,271.27,4.57,17.78,-8.64,1.000000,1.500001,
34.2898,18.0135,271.33,4.56,17.76,-8.64,1.000000,1.500001,
34.3368,18.0308,271.40,4.56,17.74,-8.63,1.000000,1.500001,
34.3837,18.0481,271.46,4.55,17.72,-8.63,1.000000,1.500001,
34.4306,18.0653,271.52,4.54,17.71,-8.62,1.000000,1.500001,
34.4776,18.0826,271.59,4.54,17.69,-8.62,1.000000,1.500001,
34.5245,18.0999,271.65,4.53,17.67,-8.61,1.000000,1.500001,
34.5715,18.1172,271.72,4.52,17.65,-8.60,1.000000,1.500001,
34.6185,18.1345,271.78,4.52,17.63,-8.60,1.000000,1.500001,
34.6655,18.1518,271.84,4.51,17.61,-8.59,1.000000,1.500001,
34.7125,18.1691,271.91,4.50,17.60,-8.59,1.000000,1.500001,
34.7595,18.1864,271.97,4.50,17.58,-8.58,1.000000,1.500001,
34.8065,18.2036,272.03,4.49,17.56,-8.58,1.000000,1.500001,
34.8535,18.2209,272.10,4.48,17.54,-8.57,1.000000,1.500001,
34.9006,18.2382,272.16,4.48,17.52,-8.57,1.000000,1.500001,
34.9476,18.2555,272.22,4.47,17.51,-8.56,1.000000,1.500001,
34.9947,18.2728,272.28,4.46,17.49,-8.56,1.000000,1.500001,
35.0418,18.2901,272.35,4.46,17.47,-8.55,1.000000,1.500001,
35.0888,18.3074,272.41,4.45,17.45,-8.55,1.000000,1.500001,
35.1359,18.3247,272.47,4.45,17.43,-8.54,1.000000,1.500001,
35.1831,18.3419,272.53,4.44,17.42,-8.54,1.000000,1.500001,
35.2302,18.3592,272.60,4.43,17.40,-8.53,1.000000,1.500001,
35.2773,18.3765,272.66,4.43,17.38,-8.53,1.000000,1.500001,
35.3244,18.3938,272.72,4.42,17.36,-8.52,1.000000,1.500001,
35.3716,18.4111,272.78,4.41,17.35,-8.52,1.000000,1.500001,
35.4188,18.4284,272.85,4.41,17.33,-8.51,1.000000,1.500001,
35.4659,18.4457,272.91,4.40,17.31,-8.51,1.000000,1.500001,
35.5131,18.4630,272.97,4.39,17.29,-8.50,1.000000,1.500001,
35.5603,18.4802,273.03,4.39,17.27,-8.50,1.000000,1.500001,
35.6075,18.4975,273.09,4.38,17.26,-8.49,1.000000,1.500001,
35.6547,18.5148,273.15,4.38,17.24,-8.49,1.000000,1.500001,
35.7020,18.5321,273.22,4.37,17.22,-8.48,1.000000,1.500001,
35.7492,18.5494,273.28,4.36,17.20,-8.48,1.000000,1.500001,
35.7964,18.5667,273.34,4.36,17.19,-8.47,1.000000,1.500001,
35.8437,18.5840,273.40,4.35,17.17,-8.47,1.000000,1.500001,
35.8910,18.6013,273.46,4.34,17.15,-8.46,1.000000,1.500001,
35.9382,18.6185,273.52,4.34,17.14,-8.46,1.000000,1.500001,
35.9855,18.6358,273.58,4.33,17.12,-8.45,1.000000,1.500001,
36.0328,18.6531,273.64,4.33,17.10,-8.45,1.000000,1.500001,
36.0802,18.6704,273.70,4.32,17.08,-8.44,1.000000,1.500001,
36.1275,18.6877,273.77,4.31,17.07,-8.44,1.000000,1.500001,
36.1748,18.7050,273.83,4.31,17.05,-8.43,1.000000,1.500001,
36.2221,18.7223,273.89,4.30,17.03,-8.43,1.000000,1.500001,
36.2400,18.7288,273.91,4.30,17.03,-8.43,1.000000,1.500001,炮口点
